{"cameraMode":{"drawMode":31,"name":"Sprite Mask","section":"Miscellaneous"},"sceneLighting":true,"audioPlay":false,"sceneViewState":{"showFog":true,"showMaterialUpdate":false,"showSkybox":true,"showFlares":true,"showImageEffects":true,"showParticleSystems":true},"in2DMode":false,"pivot":{"x":0.0,"y":0.12583990395069123,"z":-2.7939677238464357e-8},"rotation":{"x":-0.0347505658864975,"y":0.9625185132026672,"z":-0.2236536294221878,"w":-0.1496082842350006},"size":0.1608263999223709,"orthographic":false}